timestamp,teste,modelo,categoria_tarefa,prompt,repeticao,status,tempo_total_s,tempo_cliente_ms,total_duration_ms,load_duration_ms,prompt_eval_duration_ms,eval_duration_ms,tokens_entrada,tokens_gerados,tokens_por_segundo,resposta_tamanho_chars,erro_ou_skip,cpu_media,cpu_pico,ram_processo_mb_media,ram_processo_mb_pico,ram_sistema_mb_media,ram_sistema_mb_pico,gpu_media,gpu_pico,vram_mb_media,vram_mb_pico,temperatura_gpu_c_media,temperatura_gpu_c_pico,potencia_gpu_w_media,potencia_gpu_w_pico,caminho_execucao_observado
2026-06-16T15:53:49,ollama_llm_generate,gemma3:1b,explicacao_conceitual_curta,Explique em duas frases o que e IA local.,1,ok,5.2447,5244.7226,3210.6961,1423.4999,84.584,1684.064,21,67,39.7847,355,,34.68,71.5,524.49,524.88,18493.38,18508.17,13.0,34.0,619.0,619.0,60.4,61.0,11.31,14.98,GPU ou misto
2026-06-16T15:53:55,ollama_llm_generate,gemma3:1b,explicacao_conceitual_curta,Explique em duas frases o que e IA local.,2,ok,5.456,5456.0035,3387.4854,1577.6173,88.596,1712.728,21,67,39.1189,355,,36.94,81.6,524.89,524.89,18503.8,18527.61,11.6,29.0,619.0,619.0,60.4,61.0,11.33,13.95,GPU ou misto
2026-06-16T15:54:00,ollama_llm_generate,gemma3:1b,explicacao_conceitual_curta,Explique em duas frases o que e IA local.,3,ok,5.5167,5516.654,3459.0918,1586.237,146.184,1712.697,21,67,39.1196,355,,37.15,72.7,524.9,524.91,18538.77,18566.51,15.5,31.0,619.0,619.0,61.33,62.0,11.76,14.1,GPU ou misto
2026-06-16T15:54:15,ollama_llm_generate,gemma3:1b,explicacao_tecnica_media,"Explique de forma objetiva como CPU, GPU e NPU podem participar da execucao local de modelos de IA e por que isso depende do runtime.",1,ok,7.2203,7220.299,5159.9225,1374.4924,583.52,3177.126,42,128,40.288,514,,35.7,68.6,524.9,524.91,18681.6,18705.23,15.71,31.0,619.86,621.0,63.57,65.0,14.58,21.41,GPU ou misto
2026-06-16T15:54:22,ollama_llm_generate,gemma3:1b,explicacao_tecnica_media,"Explique de forma objetiva como CPU, GPU e NPU podem participar da execucao local de modelos de IA e por que isso depende do runtime.",2,ok,7.3904,7390.3803,5338.704,1416.652,617.288,3281.277,42,128,39.0092,514,,37.36,70.4,524.85,524.85,18690.51,18725.11,24.0,88.0,633.0,649.0,63.86,66.0,13.94,21.52,GPU ou misto
2026-06-16T15:54:30,ollama_llm_generate,gemma3:1b,explicacao_tecnica_media,"Explique de forma objetiva como CPU, GPU e NPU podem participar da execucao local de modelos de IA e por que isso depende do runtime.",3,ok,7.2501,7250.0751,5202.8672,1404.4006,577.222,3213.774,42,128,39.8286,514,,42.16,70.2,524.86,524.86,18710.58,18884.13,18.0,35.0,649.0,649.0,64.43,66.0,13.95,21.69,GPU ou misto
2026-06-16T15:54:43,ollama_llm_generate,gemma3:1b,resumo_texto,"Resuma em quatro frases: executar modelos localmente aumenta privacidade e controle, mas o desempenho depende do hardware, da quantizacao e do suporte de aceleracao.",1,ok,7.0147,7014.6664,4973.0855,1555.9785,620.957,2770.349,43,112,40.4281,537,,38.49,70.0,524.86,524.86,18748.84,18916.0,16.86,30.0,649.0,649.0,65.71,67.0,15.58,21.71,GPU ou misto
2026-06-16T15:54:50,ollama_llm_generate,gemma3:1b,resumo_texto,"Resuma em quatro frases: executar modelos localmente aumenta privacidade e controle, mas o desempenho depende do hardware, da quantizacao e do suporte de aceleracao.",2,ok,6.8819,6881.8826,4823.1605,1412.4933,592.001,2805.406,43,112,39.9229,537,,36.34,69.5,524.87,524.87,18633.11,18644.91,16.86,30.0,649.0,649.0,65.43,67.0,14.94,21.77,GPU ou misto
2026-06-16T15:54:57,ollama_llm_generate,gemma3:1b,resumo_texto,"Resuma em quatro frases: executar modelos localmente aumenta privacidade e controle, mas o desempenho depende do hardware, da quantizacao e do suporte de aceleracao.",3,ok,7.0028,7002.7784,4950.9582,1519.1598,600.113,2813.495,43,112,39.8081,537,,39.5,78.9,524.88,524.88,18561.73,18668.17,26.57,96.0,649.0,649.0,65.29,67.0,14.01,21.67,GPU ou misto
2026-06-16T15:55:11,ollama_llm_generate,gemma3:1b,geracao_codigo_simples,Escreva uma funcao Python que retorne os primeiros n numeros pares.,1,ok,7.0923,7092.3169,5024.2811,1401.3025,335.109,3274.166,24,128,39.0939,406,,46.47,66.4,524.88,524.88,18514.87,18536.87,17.0,31.0,649.0,649.0,65.14,66.0,12.05,14.39,GPU ou misto
2026-06-16T15:55:18,ollama_llm_generate,gemma3:1b,geracao_codigo_simples,Escreva uma funcao Python que retorne os primeiros n numeros pares.,2,ok,7.0679,7067.8527,5006.1466,1384.7873,317.497,3293.918,24,128,38.8595,406,,39.21,73.1,524.88,524.88,18522.9,18556.31,16.86,31.0,649.0,649.0,64.86,66.0,12.11,14.35,GPU ou misto
2026-06-16T15:55:26,ollama_llm_generate,gemma3:1b,geracao_codigo_simples,Escreva uma funcao Python que retorne os primeiros n numeros pares.,3,ok,7.101,7101.0316,5016.5096,1401.1469,335.103,3268.561,24,128,39.161,406,,39.13,66.7,524.87,524.87,18532.92,18555.06,18.0,32.0,649.0,649.0,64.71,66.0,12.11,14.39,GPU ou misto
2026-06-16T15:55:41,ollama_llm_generate,gemma3:1b,analise_codigo,Analise este trecho: for i in range(len(xs)): total += xs[i] / len(xs). Aponte um risco e uma melhoria simples.,1,ok,7.6065,7606.5345,5567.7477,1505.1496,589.004,3457.59,47,128,37.02,506,,40.19,78.1,524.86,524.86,18546.9,18578.04,24.43,89.0,649.0,649.0,66.14,68.0,13.92,21.73,GPU ou misto
2026-06-16T15:55:48,ollama_llm_generate,gemma3:1b,analise_codigo,Analise este trecho: for i in range(len(xs)): total += xs[i] / len(xs). Aponte um risco e uma melhoria simples.,2,ok,7.7195,7719.4662,5655.3347,1697.0823,559.003,3387.406,47,128,37.787,506,,49.06,79.4,524.86,524.86,18568.31,18597.14,16.88,32.0,649.0,649.0,66.38,68.0,14.4,21.61,GPU ou misto
2026-06-16T15:55:56,ollama_llm_generate,gemma3:1b,analise_codigo,Analise este trecho: for i in range(len(xs)): total += xs[i] / len(xs). Aponte um risco e uma melhoria simples.,3,ok,7.958,7957.9879,5891.0535,1530.4444,586.983,3761.78,47,128,34.0264,506,,44.77,74.0,524.87,524.87,18557.18,18587.04,23.88,94.0,649.0,649.0,66.38,68.0,13.92,20.44,GPU ou misto
2026-06-16T15:56:07,ollama_llm_generate,gemma3:1b,raciocinio_logico_curto,"Se todo benchmark reproduzivel precisa de ambiente descrito e este benchmark descreve o ambiente, o que isso sugere sobre a reproducibilidade? Responda em duas frases.",1,ok,5.3854,5385.4091,3345.7172,1482.0192,600.635,1244.723,45,51,40.973,261,,30.06,41.1,524.88,524.88,18553.85,18562.67,14.2,42.0,649.0,649.0,65.2,67.0,13.82,20.58,GPU ou misto
2026-06-16T15:56:13,ollama_llm_generate,gemma3:1b,raciocinio_logico_curto,"Se todo benchmark reproduzivel precisa de ambiente descrito e este benchmark descreve o ambiente, o que isso sugere sobre a reproducibilidade? Responda em duas frases.",2,ok,5.3718,5371.7823,3312.8098,1495.4593,559.668,1239.933,45,51,41.1313,261,,26.14,40.9,524.88,524.88,18533.52,18552.68,11.6,29.0,649.0,649.0,65.0,67.0,14.08,21.26,GPU ou misto
2026-06-16T15:56:18,ollama_llm_generate,gemma3:1b,raciocinio_logico_curto,"Se todo benchmark reproduzivel precisa de ambiente descrito e este benchmark descreve o ambiente, o que isso sugere sobre a reproducibilidade? Responda em duas frases.",3,ok,5.3566,5356.6384,3286.0501,1428.424,563.813,1285.099,45,51,39.6857,261,,24.98,36.6,524.88,524.88,18502.88,18518.44,25.2,97.0,649.0,649.0,64.4,67.0,13.56,21.69,GPU ou misto
2026-06-16T15:56:34,ollama_llm_generate,gemma3:1b,hardware_ia_local,Quais fatores mais afetam a viabilidade pratica de um LLM local em um notebook com pouca VRAM?,1,ok,8.5793,8579.2617,6524.9564,1441.4655,397.112,4674.387,34,128,27.3833,533,,63.54,100.0,524.88,524.88,18500.48,18520.08,13.88,31.0,649.0,649.0,63.75,65.0,11.79,13.98,GPU ou misto
2026-06-16T15:56:42,ollama_llm_generate,gemma3:1b,hardware_ia_local,Quais fatores mais afetam a viabilidade pratica de um LLM local em um notebook com pouca VRAM?,2,ok,7.8862,7886.1688,5826.3494,1501.4897,382.065,3929.0,34,128,32.5783,533,,45.19,74.8,524.88,524.89,18524.14,18592.04,14.88,32.0,649.0,649.0,63.25,64.0,11.74,14.18,GPU ou misto
2026-06-16T15:56:49,ollama_llm_generate,gemma3:1b,hardware_ia_local,Quais fatores mais afetam a viabilidade pratica de um LLM local em um notebook com pouca VRAM?,3,ok,7.2868,7286.8277,5234.6155,1348.3875,455.572,3422.259,34,128,37.4022,533,,33.74,64.6,524.89,524.89,18545.37,18562.81,16.0,31.0,649.0,649.0,63.29,64.0,11.94,14.31,GPU ou misto
2026-06-16T15:56:58,ollama_llm_generate,gemma3:1b,reescrita_objetiva,Reescreva de forma mais objetiva: rodar localmente nao garante boa experiencia para o usuario.,1,ok,4.6093,4609.3118,2576.7571,1328.7455,391.184,841.772,31,33,39.203,165,,26.4,65.0,524.91,524.91,18658.8,18779.04,11.4,31.0,649.0,649.0,62.8,64.0,11.3,13.27,GPU ou misto
2026-06-16T15:57:03,ollama_llm_generate,gemma3:1b,reescrita_objetiva,Reescreva de forma mais objetiva: rodar localmente nao garante boa experiencia para o usuario.,2,ok,4.805,4804.9636,2757.9156,1573.4557,350.955,821.457,31,33,40.1725,165,,35.48,67.3,524.91,524.91,18797.73,18816.45,11.8,33.0,649.0,649.0,62.4,63.0,11.01,12.71,GPU ou misto
2026-06-16T15:57:08,ollama_llm_generate,gemma3:1b,reescrita_objetiva,Reescreva de forma mais objetiva: rodar localmente nao garante boa experiencia para o usuario.,3,ok,4.8109,4810.8861,2737.7365,1527.2601,375.181,826.687,31,33,39.9184,165,,31.52,60.2,524.91,524.91,18769.61,18825.51,9.2,31.0,649.0,649.0,62.4,63.0,10.78,13.55,GPU ou misto
2026-06-16T15:57:22,ollama_llm_generate,gemma3:1b,tarefa_longa_uso_real,"Imagine que um estudante quer comparar CPU, GPU CUDA e NPU em computadores pessoais para IA local. Estruture uma resposta curta com contexto, limites metodologicos e uma recomendacao pratica de como interpretar benchmarks.",1,ok,7.3312,7331.2455,5283.8379,1329.478,622.163,3318.018,53,128,38.5772,564,,33.53,62.4,524.91,524.92,18559.45,18570.26,16.86,31.0,649.0,649.0,64.57,66.0,14.53,21.63,GPU ou misto
2026-06-16T15:57:30,ollama_llm_generate,gemma3:1b,tarefa_longa_uso_real,"Imagine que um estudante quer comparar CPU, GPU CUDA e NPU em computadores pessoais para IA local. Estruture uma resposta curta com contexto, limites metodologicos e uma recomendacao pratica de como interpretar benchmarks.",2,ok,7.3079,7307.8742,5277.7449,1313.2275,582.3,3366.771,53,128,38.0186,564,,32.93,65.8,524.93,524.93,18518.26,18529.91,15.71,30.0,649.0,649.0,65.0,67.0,13.88,20.95,GPU ou misto
2026-06-16T15:57:37,ollama_llm_generate,gemma3:1b,tarefa_longa_uso_real,"Imagine que um estudante quer comparar CPU, GPU CUDA e NPU em computadores pessoais para IA local. Estruture uma resposta curta com contexto, limites metodologicos e uma recomendacao pratica de como interpretar benchmarks.",3,ok,7.388,7388.0466,5323.5079,1456.5512,573.603,3284.714,53,128,38.9684,564,,48.73,71.6,524.93,524.93,18622.37,18733.27,16.29,30.0,649.0,649.0,65.43,67.0,14.5,21.43,GPU ou misto
2026-06-16T15:57:56,ollama_llm_generate,llama3.2:1b,explicacao_conceitual_curta,Explique em duas frases o que e IA local.,1,ok,4.1798,4179.7658,2125.4812,685.8515,45.115,1373.23,37,50,36.4105,214,,24.45,53.6,524.94,524.94,19019.32,19057.64,11.75,24.0,623.0,623.0,65.0,67.0,13.83,19.83,GPU ou misto
2026-06-16T15:58:01,ollama_llm_generate,llama3.2:1b,explicacao_conceitual_curta,Explique em duas frases o que e IA local.,2,ok,4.1944,4194.4248,2148.5658,692.7347,77.94,1363.194,37,50,36.6786,214,,36.23,49.6,524.94,524.94,18744.13,18775.77,10.25,21.0,623.0,623.0,64.0,64.0,11.03,13.23,GPU ou misto
2026-06-16T15:58:05,ollama_llm_generate,llama3.2:1b,explicacao_conceitual_curta,Explique em duas frases o que e IA local.,3,ok,4.1704,4170.3811,2117.6902,637.5295,68.709,1402.131,37,50,35.66,214,,23.32,46.5,524.95,524.95,18773.14,18776.58,7.5,24.0,623.0,623.0,63.5,64.0,11.09,13.26,GPU ou misto
2026-06-16T15:58:18,ollama_llm_generate,llama3.2:1b,explicacao_tecnica_media,"Explique de forma objetiva como CPU, GPU e NPU podem participar da execucao local de modelos de IA e por que isso depende do runtime.",1,ok,6.2983,6298.2774,4234.2342,649.0595,45.074,3519.386,59,128,36.37,531,,49.47,100.0,525.03,525.07,18764.44,18770.63,14.0,24.0,623.0,623.0,64.5,65.0,12.09,13.39,GPU ou misto
2026-06-16T15:58:25,ollama_llm_generate,llama3.2:1b,explicacao_tecnica_media,"Explique de forma objetiva como CPU, GPU e NPU podem participar da execucao local de modelos de IA e por que isso depende do runtime.",2,ok,6.3348,6334.7831,4253.4382,575.3864,64.308,3599.861,59,128,35.5569,531,,33.38,56.2,525.07,525.07,18731.91,18767.82,13.83,24.0,623.0,623.0,64.5,65.0,11.85,13.33,GPU ou misto
2026-06-16T15:58:32,ollama_llm_generate,llama3.2:1b,explicacao_tecnica_media,"Explique de forma objetiva como CPU, GPU e NPU podem participar da execucao local de modelos de IA e por que isso depende do runtime.",3,ok,7.4372,7437.1539,5365.8184,582.7679,65.329,4701.889,59,128,27.2231,531,,41.99,78.6,525.09,525.09,18716.41,18721.81,13.29,24.0,623.0,623.0,64.71,65.0,11.74,13.3,GPU ou misto
2026-06-16T15:58:40,ollama_llm_generate,llama3.2:1b,resumo_texto,"Resuma em quatro frases: executar modelos localmente aumenta privacidade e controle, mas o desempenho depende do hardware, da quantizacao e do suporte de aceleracao.",1,ok,3.4703,3470.3226,1434.0443,690.5488,58.103,673.705,69,25,37.1082,90,,17.93,38.5,525.09,525.09,18719.53,18720.8,10.25,23.0,623.0,623.0,64.75,66.0,13.8,17.93,GPU ou misto
2026-06-16T15:58:44,ollama_llm_generate,llama3.2:1b,resumo_texto,"Resuma em quatro frases: executar modelos localmente aumenta privacidade e controle, mas o desempenho depende do hardware, da quantizacao e do suporte de aceleracao.",2,ok,3.3994,3399.3925,1334.4519,587.0948,43.946,694.233,69,25,36.011,90,,19.12,40.6,525.09,525.09,18717.89,18720.75,12.0,24.0,623.0,623.0,63.5,64.0,10.81,12.03,GPU ou misto
2026-06-16T15:58:47,ollama_llm_generate,llama3.2:1b,resumo_texto,"Resuma em quatro frases: executar modelos localmente aumenta privacidade e controle, mas o desempenho depende do hardware, da quantizacao e do suporte de aceleracao.",3,ok,3.3946,3394.6484,1362.2849,640.1203,38.799,671.157,69,25,37.2491,90,,17.0,38.0,525.1,525.1,18709.71,18717.93,12.0,24.0,623.0,623.0,63.25,64.0,10.44,10.99,GPU ou misto
2026-06-16T15:59:01,ollama_llm_generate,llama3.2:1b,geracao_codigo_simples,Escreva uma funcao Python que retorne os primeiros n numeros pares.,1,ok,7.4559,7455.9251,5378.8741,596.389,46.744,4723.861,43,128,27.0965,434,,38.84,74.4,525.1,525.1,18856.88,18875.98,12.57,21.0,623.0,623.0,64.0,65.0,11.66,13.19,GPU ou misto
2026-06-16T15:59:09,ollama_llm_generate,llama3.2:1b,geracao_codigo_simples,Escreva uma funcao Python que retorne os primeiros n numeros pares.,2,ok,7.0905,7090.5198,5040.0727,580.4379,45.629,4400.843,43,128,29.0853,434,,38.56,58.4,525.11,525.11,18765.07,18785.84,11.57,24.0,623.0,623.0,63.57,64.0,11.5,13.22,GPU ou misto
2026-06-16T15:59:16,ollama_llm_generate,llama3.2:1b,geracao_codigo_simples,Escreva uma funcao Python que retorne os primeiros n numeros pares.,3,ok,7.0477,7047.7286,5014.3696,617.7126,82.927,4297.489,43,128,29.7848,434,,37.06,61.1,525.12,525.12,18734.13,18738.63,12.0,24.0,623.0,623.0,63.57,64.0,11.58,13.34,GPU ou misto
2026-06-16T15:59:32,ollama_llm_generate,llama3.2:1b,analise_codigo,Analise este trecho: for i in range(len(xs)): total += xs[i] / len(xs). Aponte um risco e uma melhoria simples.,1,ok,7.7135,7713.5362,5636.238,676.0733,87.253,4853.106,58,128,26.3749,408,,43.0,86.9,525.12,525.12,18900.45,18933.71,11.71,24.0,623.0,623.0,64.0,65.0,11.46,13.16,GPU ou misto
2026-06-16T15:59:39,ollama_llm_generate,llama3.2:1b,analise_codigo,Analise este trecho: for i in range(len(xs)): total += xs[i] / len(xs). Aponte um risco e uma melhoria simples.,2,ok,7.7869,7786.8946,5746.2859,716.138,82.28,4924.809,58,128,25.9909,408,,49.06,77.1,525.13,525.13,19042.19,19125.64,9.86,18.0,623.0,623.0,63.57,64.0,11.33,12.9,GPU ou misto
2026-06-16T15:59:47,ollama_llm_generate,llama3.2:1b,analise_codigo,Analise este trecho: for i in range(len(xs)): total += xs[i] / len(xs). Aponte um risco e uma melhoria simples.,3,ok,7.6077,7607.7038,5562.1103,613.1083,91.123,4848.694,58,128,26.3989,408,,57.31,83.3,525.14,525.14,19095.63,19119.48,13.0,24.0,623.0,623.0,63.57,64.0,11.52,13.19,GPU ou misto
2026-06-16T15:59:56,ollama_llm_generate,llama3.2:1b,raciocinio_logico_curto,"Se todo benchmark reproduzivel precisa de ambiente descrito e este benchmark descreve o ambiente, o que isso sugere sobre a reproducibilidade? Responda em duas frases.",1,ok,4.0701,4070.1385,2033.5633,710.9847,80.324,1230.253,64,45,36.5778,192,,23.0,53.8,525.14,525.14,18923.3,18972.67,10.0,21.0,623.0,623.0,64.25,66.0,13.04,19.87,GPU ou misto
2026-06-16T16:00:01,ollama_llm_generate,llama3.2:1b,raciocinio_logico_curto,"Se todo benchmark reproduzivel precisa de ambiente descrito e este benchmark descreve o ambiente, o que isso sugere sobre a reproducibilidade? Responda em duas frases.",2,ok,4.0723,4072.3176,1975.7681,650.0918,73.134,1242.23,64,45,36.2252,192,,19.05,47.9,525.12,525.13,18706.05,18709.6,12.0,24.0,623.0,623.0,63.25,64.0,10.86,12.54,GPU ou misto
2026-06-16T16:00:05,ollama_llm_generate,llama3.2:1b,raciocinio_logico_curto,"Se todo benchmark reproduzivel precisa de ambiente descrito e este benchmark descreve o ambiente, o que isso sugere sobre a reproducibilidade? Responda em duas frases.",3,ok,4.0124,4012.3826,1959.3976,673.0443,35.216,1235.583,64,45,36.4201,192,,22.95,48.2,525.13,525.14,18788.8,18794.63,10.5,24.0,623.0,623.0,63.25,64.0,11.02,13.15,GPU ou misto
2026-06-16T16:00:19,ollama_llm_generate,llama3.2:1b,hardware_ia_local,Quais fatores mais afetam a viabilidade pratica de um LLM local em um notebook com pouca VRAM?,1,ok,7.067,7067.0418,5012.0949,578.3204,36.192,4380.916,53,128,29.2176,466,,36.5,65.1,525.14,525.14,18752.68,18757.41,13.43,24.0,623.0,623.0,64.0,65.0,12.02,13.41,GPU ou misto
2026-06-16T16:00:27,ollama_llm_generate,llama3.2:1b,hardware_ia_local,Quais fatores mais afetam a viabilidade pratica de um LLM local em um notebook com pouca VRAM?,2,ok,7.5203,7520.2928,5476.7389,662.8605,43.864,4761.409,53,128,26.8828,466,,41.89,69.8,525.16,525.16,18772.96,18813.4,12.57,24.0,623.0,623.0,63.57,64.0,11.54,13.23,GPU ou misto
2026-06-16T16:00:34,ollama_llm_generate,llama3.2:1b,hardware_ia_local,Quais fatores mais afetam a viabilidade pratica de um LLM local em um notebook com pouca VRAM?,3,ok,7.5124,7512.4416,5451.7758,716.6847,56.024,4668.536,53,128,27.4176,466,,42.73,72.9,525.16,525.16,18797.65,18805.91,13.43,24.0,623.0,623.0,63.57,64.0,11.46,13.23,GPU ou misto
2026-06-16T16:00:42,ollama_llm_generate,llama3.2:1b,reescrita_objetiva,Reescreva de forma mais objetiva: rodar localmente nao garante boa experiencia para o usuario.,1,ok,3.4259,3425.8791,1381.5086,722.1819,49.367,600.862,48,23,38.2783,84,,19.07,46.5,525.16,525.17,18781.56,18791.93,10.5,24.0,623.0,623.0,62.75,63.0,10.61,11.64,GPU ou misto
2026-06-16T16:00:45,ollama_llm_generate,llama3.2:1b,reescrita_objetiva,Reescreva de forma mais objetiva: rodar localmente nao garante boa experiencia para o usuario.,2,ok,3.2754,3275.4391,1226.3586,559.1529,34.801,623.964,48,23,36.8611,84,,11.8,21.0,525.17,525.17,18782.97,18789.68,6.33,19.0,623.0,623.0,62.33,63.0,10.7,11.81,GPU ou misto
2026-06-16T16:00:48,ollama_llm_generate,llama3.2:1b,reescrita_objetiva,Reescreva de forma mais objetiva: rodar localmente nao garante boa experiencia para o usuario.,3,ok,3.3966,3396.6267,1346.1808,627.8875,68.257,635.43,48,23,36.196,84,,17.27,39.4,525.17,525.17,18776.69,18788.12,12.0,24.0,623.0,623.0,62.25,63.0,10.78,11.22,GPU ou misto
2026-06-16T16:01:02,ollama_llm_generate,llama3.2:1b,tarefa_longa_uso_real,"Imagine que um estudante quer comparar CPU, GPU CUDA e NPU em computadores pessoais para IA local. Estruture uma resposta curta com contexto, limites metodologicos e uma recomendacao pratica de como interpretar benchmarks.",1,ok,6.262,6261.9809,4205.5371,679.6413,30.849,3478.99,75,128,36.7923,502,,32.62,68.2,525.18,525.18,18762.12,18767.97,15.0,24.0,623.0,623.0,63.5,64.0,11.76,13.28,GPU ou misto
2026-06-16T16:01:08,ollama_llm_generate,llama3.2:1b,tarefa_longa_uso_real,"Imagine que um estudante quer comparar CPU, GPU CUDA e NPU em computadores pessoais para IA local. Estruture uma resposta curta com contexto, limites metodologicos e uma recomendacao pratica de como interpretar benchmarks.",2,ok,6.2104,6210.4293,4175.9847,587.3888,75.034,3482.436,75,128,36.7559,502,,32.42,56.9,525.17,525.18,18758.51,18763.34,15.0,24.0,623.0,623.0,64.17,65.0,12.11,13.37,GPU ou misto
2026-06-16T16:01:15,ollama_llm_generate,llama3.2:1b,tarefa_longa_uso_real,"Imagine que um estudante quer comparar CPU, GPU CUDA e NPU em computadores pessoais para IA local. Estruture uma resposta curta com contexto, limites metodologicos e uma recomendacao pratica de como interpretar benchmarks.",3,ok,6.2165,6216.4565,4154.168,646.1164,44.422,3450.306,75,128,37.0982,502,,32.0,59.0,525.19,525.19,18763.67,18769.95,14.5,24.0,623.0,623.0,64.5,65.0,11.9,13.34,GPU ou misto
2026-06-16T16:01:43,ollama_llm_generate,llama3.2:3b,explicacao_conceitual_curta,Explique em duas frases o que e IA local.,1,ok,7.7197,7719.7033,5672.9132,694.8094,137.822,4816.968,37,91,18.8916,363,,39.81,63.3,525.2,525.2,19718.51,19734.7,8.25,11.0,623.0,623.0,64.5,65.0,11.6,12.32,GPU ou misto
2026-06-16T16:01:50,ollama_llm_generate,llama3.2:3b,explicacao_conceitual_curta,Explique em duas frases o que e IA local.,2,ok,7.382,7382.0448,5329.2021,655.3388,80.319,4584.274,37,91,19.8505,363,,33.34,58.7,525.2,525.2,19729.83,19739.03,7.86,11.0,623.0,623.0,64.71,65.0,11.48,12.35,GPU ou misto
2026-06-16T16:01:58,ollama_llm_generate,llama3.2:3b,explicacao_conceitual_curta,Explique em duas frases o que e IA local.,3,ok,7.4022,7402.1846,5380.2195,627.9886,118.303,4626.336,37,91,19.67,363,,37.31,58.1,525.21,525.21,19734.8,19753.08,7.57,11.0,623.0,623.0,65.43,66.0,11.66,12.39,GPU ou misto
2026-06-16T16:02:22,ollama_llm_generate,llama3.2:3b,explicacao_tecnica_media,"Explique de forma objetiva como CPU, GPU e NPU podem participar da execucao local de modelos de IA e por que isso depende do runtime.",1,ok,11.7014,11701.3919,9658.3568,577.8598,118.61,8938.481,59,128,14.3201,545,,50.13,86.8,525.21,525.22,19843.07,19874.08,6.55,11.0,623.0,623.0,66.36,67.0,11.56,12.42,GPU ou misto
2026-06-16T16:02:37,ollama_llm_generate,llama3.2:3b,explicacao_tecnica_media,"Explique de forma objetiva como CPU, GPU e NPU podem participar da execucao local de modelos de IA e por que isso depende do runtime.",2,ok,14.6901,14690.1213,12653.7868,669.5231,111.672,11840.049,59,128,10.8108,545,,62.63,87.6,525.23,525.23,19880.15,19944.0,4.54,11.0,623.0,623.0,65.31,66.0,11.13,11.72,GPU ou misto
2026-06-16T16:02:51,ollama_llm_generate,llama3.2:3b,explicacao_tecnica_media,"Explique de forma objetiva como CPU, GPU e NPU podem participar da execucao local de modelos de IA e por que isso depende do runtime.",3,ok,14.1287,14128.6723,12044.8736,663.2745,53.247,11318.07,59,128,11.3093,545,,57.62,80.6,525.24,525.24,19820.02,19893.38,4.92,11.0,623.0,623.0,63.77,64.0,11.02,11.85,GPU ou misto
2026-06-16T16:03:24,ollama_llm_generate,llama3.2:3b,resumo_texto,"Resuma em quatro frases: executar modelos localmente aumenta privacidade e controle, mas o desempenho depende do hardware, da quantizacao e do suporte de aceleracao.",1,ok,15.4699,15469.8527,13397.5591,639.7488,64.789,12673.871,69,128,10.0995,545,,60.51,81.4,525.26,525.27,19818.76,19833.22,5.21,7.0,623.0,623.0,63.0,63.0,10.88,11.2,GPU ou misto
2026-06-16T16:03:38,ollama_llm_generate,llama3.2:3b,resumo_texto,"Resuma em quatro frases: executar modelos localmente aumenta privacidade e controle, mas o desempenho depende do hardware, da quantizacao e do suporte de aceleracao.",2,ok,13.8072,13807.2241,11733.0499,578.1817,61.942,11066.489,69,128,11.5665,545,,53.24,73.6,525.28,525.28,19827.0,19875.5,6.08,11.0,623.0,623.0,63.0,63.0,11.02,11.8,GPU ou misto
2026-06-16T16:03:51,ollama_llm_generate,llama3.2:3b,resumo_texto,"Resuma em quatro frases: executar modelos localmente aumenta privacidade e controle, mas o desempenho depende do hardware, da quantizacao e do suporte de aceleracao.",3,ok,13.1112,13111.1693,11054.4707,618.0993,62.919,10360.482,69,128,12.3546,545,,50.18,79.2,525.29,525.29,19695.51,19830.15,5.58,11.0,623.0,623.0,62.92,63.0,11.1,12.07,GPU ou misto
2026-06-16T16:04:07,ollama_llm_generate,llama3.2:3b,geracao_codigo_simples,Escreva uma funcao Python que retorne os primeiros n numeros pares.,1,ok,7.289,7288.9926,5247.5802,786.279,84.275,4355.584,43,67,15.3826,156,,51.36,88.8,525.3,525.3,20027.92,20134.0,5.57,11.0,623.0,623.0,62.71,63.0,10.9,11.96,GPU ou misto
2026-06-16T16:04:13,ollama_llm_generate,llama3.2:3b,geracao_codigo_simples,Escreva uma funcao Python que retorne os primeiros n numeros pares.,2,ok,6.1268,6126.7796,4082.6735,635.3236,102.861,3333.642,43,67,20.0981,156,,32.58,61.8,525.3,525.3,19895.6,19900.91,7.33,11.0,623.0,623.0,63.17,64.0,11.29,12.23,GPU ou misto
2026-06-16T16:04:20,ollama_llm_generate,llama3.2:3b,geracao_codigo_simples,Escreva uma funcao Python que retorne os primeiros n numeros pares.,3,ok,6.2012,6201.2024,4143.6661,658.4957,61.322,3410.395,43,67,19.6458,156,,34.33,67.4,525.31,525.31,19752.8,19888.08,7.33,11.0,623.0,623.0,63.67,64.0,11.41,12.24,GPU ou misto
2026-06-16T16:04:41,ollama_llm_generate,llama3.2:3b,analise_codigo,Analise este trecho: for i in range(len(xs)): total += xs[i] / len(xs). Aponte um risco e uma melhoria simples.,1,ok,9.5548,9554.8294,7500.9298,680.1674,125.016,6671.649,58,128,19.1857,430,,45.01,63.3,525.3,525.3,19589.4,19603.13,8.56,11.0,623.0,623.0,65.44,66.0,11.79,12.41,GPU ou misto
2026-06-16T16:04:50,ollama_llm_generate,llama3.2:3b,analise_codigo,Analise este trecho: for i in range(len(xs)): total += xs[i] / len(xs). Aponte um risco e uma melhoria simples.,2,ok,9.698,9697.9588,7666.9363,639.4573,77.095,6941.337,58,128,18.4403,430,,41.5,58.6,525.31,525.31,19663.3,19699.39,8.11,11.0,623.0,623.0,65.78,66.0,11.86,12.48,GPU ou misto
2026-06-16T16:05:01,ollama_llm_generate,llama3.2:3b,analise_codigo,Analise este trecho: for i in range(len(xs)): total += xs[i] / len(xs). Aponte um risco e uma melhoria simples.,3,ok,10.5391,10539.1115,8477.2863,685.6608,76.78,7702.72,58,128,16.6175,430,,48.26,68.0,525.32,525.32,19707.35,19722.13,6.9,11.0,623.0,623.0,65.8,66.0,11.6,12.43,GPU ou misto
2026-06-16T16:05:20,ollama_llm_generate,llama3.2:3b,raciocinio_logico_curto,"Se todo benchmark reproduzivel precisa de ambiente descrito e este benchmark descreve o ambiente, o que isso sugere sobre a reproducibilidade? Responda em duas frases.",1,ok,9.3236,9323.5726,7270.0308,696.5875,96.842,6454.935,64,95,14.7174,420,,41.14,71.9,525.33,525.33,19698.94,19735.66,5.44,11.0,625.0,625.0,65.44,66.0,11.42,12.43,GPU ou misto
2026-06-16T16:05:33,ollama_llm_generate,llama3.2:3b,raciocinio_logico_curto,"Se todo benchmark reproduzivel precisa de ambiente descrito e este benchmark descreve o ambiente, o que isso sugere sobre a reproducibilidade? Responda em duas frases.",2,ok,13.3907,13390.6768,11330.522,814.2806,72.133,10424.878,64,95,9.1128,420,,63.22,83.6,525.34,525.34,19841.86,19911.19,4.67,11.0,625.0,625.0,64.17,65.0,10.88,11.28,GPU ou misto
2026-06-16T16:05:44,ollama_llm_generate,llama3.2:3b,raciocinio_logico_curto,"Se todo benchmark reproduzivel precisa de ambiente descrito e este benchmark descreve o ambiente, o que isso sugere sobre a reproducibilidade? Responda em duas frases.",3,ok,10.8627,10862.6898,8796.0338,608.8545,83.015,8091.341,64,95,11.7409,420,,51.34,74.9,525.35,525.35,19741.9,19763.48,4.7,11.0,625.0,625.0,63.8,64.0,10.96,11.82,GPU ou misto
2026-06-16T16:06:14,ollama_llm_generate,llama3.2:3b,hardware_ia_local,Quais fatores mais afetam a viabilidade pratica de um LLM local em um notebook com pouca VRAM?,1,ok,13.9639,13963.8559,11907.4428,735.1726,86.055,11058.188,53,128,11.5751,446,,64.1,83.3,525.36,525.36,19893.08,19928.41,5.58,11.0,625.0,625.0,63.58,64.0,11.02,11.9,GPU ou misto
2026-06-16T16:06:27,ollama_llm_generate,llama3.2:3b,hardware_ia_local,Quais fatores mais afetam a viabilidade pratica de um LLM local em um notebook com pouca VRAM?,2,ok,12.9122,12912.2412,10832.6789,615.1799,67.832,10119.597,53,128,12.6487,446,,46.8,64.2,525.37,525.37,19855.83,19887.27,6.33,11.0,625.0,625.0,63.25,64.0,11.14,12.2,GPU ou misto
2026-06-16T16:06:39,ollama_llm_generate,llama3.2:3b,hardware_ia_local,Quais fatores mais afetam a viabilidade pratica de um LLM local em um notebook com pouca VRAM?,3,ok,11.7974,11797.4402,9730.484,614.1045,75.964,9027.724,53,128,14.1785,446,,48.32,72.8,525.38,525.38,19842.51,19849.69,6.73,11.0,625.0,625.0,63.09,64.0,11.19,12.16,GPU ou misto
2026-06-16T16:06:47,ollama_llm_generate,llama3.2:3b,reescrita_objetiva,Reescreva de forma mais objetiva: rodar localmente nao garante boa experiencia para o usuario.,1,ok,3.8545,3854.4654,1806.4683,637.9557,105.578,1048.944,48,22,20.9735,83,,38.12,55.6,525.39,525.39,19850.65,19869.61,5.5,11.0,625.0,625.0,63.25,64.0,10.7,12.12,GPU ou misto
2026-06-16T16:06:51,ollama_llm_generate,llama3.2:3b,reescrita_objetiva,Reescreva de forma mais objetiva: rodar localmente nao garante boa experiencia para o usuario.,2,ok,3.7446,3744.6251,1705.6058,591.7756,59.865,1043.759,48,22,21.0777,83,,17.82,40.9,525.39,525.39,19860.56,19865.16,5.5,11.0,625.0,625.0,63.0,63.0,10.56,11.32,GPU ou misto
2026-06-16T16:06:55,ollama_llm_generate,llama3.2:3b,reescrita_objetiva,Reescreva de forma mais objetiva: rodar localmente nao garante boa experiencia para o usuario.,3,ok,3.8317,3831.7489,1778.5541,631.9729,62.271,1074.943,48,22,20.4662,83,,18.48,39.0,525.39,525.4,19863.32,19873.53,6.0,13.0,625.0,625.0,63.0,63.0,10.92,11.87,GPU ou misto
2026-06-16T16:07:16,ollama_llm_generate,llama3.2:3b,tarefa_longa_uso_real,"Imagine que um estudante quer comparar CPU, GPU CUDA e NPU em computadores pessoais para IA local. Estruture uma resposta curta com contexto, limites metodologicos e uma recomendacao pratica de como interpretar benchmarks.",1,ok,9.4069,9406.9421,7382.8711,652.6442,69.775,6632.657,75,128,19.2985,528,,41.11,69.5,525.4,525.4,19901.99,19921.19,8.56,11.0,625.0,625.0,65.11,66.0,11.81,12.42,GPU ou misto
2026-06-16T16:07:26,ollama_llm_generate,llama3.2:3b,tarefa_longa_uso_real,"Imagine que um estudante quer comparar CPU, GPU CUDA e NPU em computadores pessoais para IA local. Estruture uma resposta curta com contexto, limites metodologicos e uma recomendacao pratica de como interpretar benchmarks.",2,ok,9.7115,9711.4532,7647.1801,658.19,115.385,6846.65,75,128,18.6953,528,,46.57,70.2,525.41,525.41,19929.13,19944.73,8.22,11.0,625.0,625.0,65.67,66.0,11.82,12.45,GPU ou misto
2026-06-16T16:07:36,ollama_llm_generate,llama3.2:3b,tarefa_longa_uso_real,"Imagine que um estudante quer comparar CPU, GPU CUDA e NPU em computadores pessoais para IA local. Estruture uma resposta curta com contexto, limites metodologicos e uma recomendacao pratica de como interpretar benchmarks.",3,ok,10.2294,10229.3976,8184.3289,580.9859,75.995,7518.535,75,128,17.0246,528,,46.64,73.8,525.42,525.42,19928.96,19941.95,7.0,11.0,625.0,625.0,66.1,67.0,11.71,12.48,GPU ou misto
2026-06-16T16:08:53,ollama_llm_generate,gemma3:4b,explicacao_conceitual_curta,Explique em duas frases o que e IA local.,1,ok,8.8034,8803.382,6733.1069,1425.7898,295.754,4989.217,21,70,14.0303,378,,41.3,66.6,525.43,525.43,21407.83,21607.1,0.0,0.0,166.0,167.0,61.25,62.0,9.86,9.94,principalmente CPU
2026-06-16T16:09:01,ollama_llm_generate,gemma3:4b,explicacao_conceitual_curta,Explique em duas frases o que e IA local.,2,ok,8.7935,8793.4685,6734.1839,1255.119,299.233,5159.817,21,70,13.5664,378,,40.11,71.4,525.43,525.43,21447.4,21555.28,0.0,0.0,167.0,167.0,62.38,63.0,9.93,9.98,principalmente CPU
2026-06-16T16:09:10,ollama_llm_generate,gemma3:4b,explicacao_conceitual_curta,Explique em duas frases o que e IA local.,3,ok,8.6146,8614.6119,6571.6157,1414.9898,262.808,4884.472,21,70,14.3311,378,,39.01,56.1,525.45,525.45,21306.75,21317.18,0.0,0.0,167.0,167.0,63.0,63.0,10.0,10.06,principalmente CPU
2026-06-16T16:09:43,ollama_llm_generate,gemma3:4b,explicacao_tecnica_media,"Explique de forma objetiva como CPU, GPU e NPU podem participar da execucao local de modelos de IA e por que isso depende do runtime.",1,ok,17.0776,17077.5635,15034.6301,1537.66,3141.378,10341.915,42,128,12.3768,566,,51.01,67.1,525.45,525.46,21275.77,21328.44,18.19,98.0,177.0,177.0,65.62,66.0,11.49,15.58,principalmente CPU
2026-06-16T16:09:59,ollama_llm_generate,gemma3:4b,explicacao_tecnica_media,"Explique de forma objetiva como CPU, GPU e NPU podem participar da execucao local de modelos de IA e por que isso depende do runtime.",2,ok,16.0585,16058.5013,14011.2731,1296.8641,3145.626,9546.509,42,128,13.408,566,,40.54,62.9,525.47,525.47,21288.93,21324.7,12.73,96.0,177.0,177.0,65.73,66.0,11.56,15.54,principalmente CPU
2026-06-16T16:10:16,ollama_llm_generate,gemma3:4b,explicacao_tecnica_media,"Explique de forma objetiva como CPU, GPU e NPU podem participar da execucao local de modelos de IA e por que isso depende do runtime.",3,ok,16.608,16607.9998,14544.9358,1461.9409,3097.046,9976.999,42,128,12.8295,566,,45.62,63.3,525.47,525.48,21293.36,21323.9,12.0,95.0,177.0,177.0,66.12,67.0,11.53,15.63,principalmente CPU
2026-06-16T16:10:56,ollama_llm_generate,gemma3:4b,resumo_texto,"Resuma em quatro frases: executar modelos localmente aumenta privacidade e controle, mas o desempenho depende do hardware, da quantizacao e do suporte de aceleracao.",1,ok,22.193,22193.0018,20145.7496,1405.7007,3130.362,15583.381,43,128,8.2139,619,,50.28,76.3,525.5,525.5,21278.88,21302.79,14.55,98.0,177.0,177.0,65.05,66.0,11.22,15.5,principalmente CPU
2026-06-16T16:11:20,ollama_llm_generate,gemma3:4b,resumo_texto,"Resuma em quatro frases: executar modelos localmente aumenta privacidade e controle, mas o desempenho depende do hardware, da quantizacao e do suporte de aceleracao.",2,ok,23.9404,23940.4448,21879.546,1281.1506,3202.728,17367.436,43,128,7.3701,619,,55.2,74.7,525.51,525.52,21327.43,21346.97,9.1,97.0,177.0,177.0,64.1,65.0,11.01,15.4,principalmente CPU
2026-06-16T16:11:46,ollama_llm_generate,gemma3:4b,resumo_texto,"Resuma em quatro frases: executar modelos localmente aumenta privacidade e controle, mas o desempenho depende do hardware, da quantizacao e do suporte de aceleracao.",3,ok,25.7524,25752.4323,23707.6617,1576.8061,3108.467,19012.01,43,128,6.7326,619,,65.48,87.5,525.53,525.54,21381.89,21503.55,11.78,98.0,177.0,177.0,63.48,65.0,10.77,15.36,principalmente CPU
2026-06-16T16:12:21,ollama_llm_generate,gemma3:4b,geracao_codigo_simples,Escreva uma funcao Python que retorne os primeiros n numeros pares.,1,ok,16.1543,16154.2719,14114.4195,1356.6323,971.546,11762.523,24,128,10.882,418,,56.63,76.0,525.55,525.55,21781.27,21889.24,0.2,3.0,177.0,177.0,63.93,65.0,10.07,10.11,principalmente CPU
2026-06-16T16:12:37,ollama_llm_generate,gemma3:4b,geracao_codigo_simples,Escreva uma funcao Python que retorne os primeiros n numeros pares.,2,ok,15.3934,15393.4391,13329.4146,1326.6723,953.423,11037.379,24,128,11.597,418,,49.27,75.9,525.55,525.56,21447.56,21803.04,0.21,3.0,177.0,177.0,64.64,65.0,10.13,10.17,principalmente CPU
2026-06-16T16:12:53,ollama_llm_generate,gemma3:4b,geracao_codigo_simples,Escreva uma funcao Python que retorne os primeiros n numeros pares.,3,ok,15.8207,15820.6628,13767.4567,1204.4412,964.186,11578.246,24,128,11.0552,418,,52.35,87.5,525.57,525.57,21291.19,21301.1,0.2,3.0,177.0,177.0,64.8,65.0,10.14,10.17,principalmente CPU
2026-06-16T16:13:38,ollama_llm_generate,gemma3:4b,analise_codigo,Analise este trecho: for i in range(len(xs)): total += xs[i] / len(xs). Aponte um risco e uma melhoria simples.,1,ok,26.5833,26583.3173,24556.7148,1296.965,3133.699,20106.001,47,128,6.3663,451,,64.92,99.4,525.58,525.59,21207.13,21413.96,8.77,96.0,177.0,177.0,64.05,65.0,11.13,15.37,principalmente CPU
2026-06-16T16:14:03,ollama_llm_generate,gemma3:4b,analise_codigo,Analise este trecho: for i in range(len(xs)): total += xs[i] / len(xs). Aponte um risco e uma melhoria simples.,2,ok,24.7688,24768.8036,22734.6859,1456.2956,3111.072,18153.048,47,128,7.0512,451,,67.08,95.2,525.6,525.61,21299.77,21511.79,13.09,96.0,177.0,177.0,63.41,65.0,10.9,15.33,principalmente CPU
2026-06-16T16:14:21,ollama_llm_generate,gemma3:4b,analise_codigo,Analise este trecho: for i in range(len(xs)): total += xs[i] / len(xs). Aponte um risco e uma melhoria simples.,3,ok,17.4746,17474.5695,15447.4418,1513.7221,3109.726,10815.349,47,128,11.835,451,,64.52,100.0,525.62,525.62,21501.16,21592.11,16.75,97.0,177.0,177.0,64.31,65.0,11.31,15.34,principalmente CPU
2026-06-16T16:14:45,ollama_llm_generate,gemma3:4b,raciocinio_logico_curto,"Se todo benchmark reproduzivel precisa de ambiente descrito e este benchmark descreve o ambiente, o que isso sugere sobre a reproducibilidade? Responda em duas frases.",1,ok,12.6091,12609.1143,10565.3727,1559.3976,3223.747,5766.631,45,62,10.7515,332,,54.09,84.9,525.62,525.63,21198.46,21294.43,23.83,97.0,184.0,191.0,66.17,67.0,12.12,15.59,GPU ou misto
2026-06-16T16:14:58,ollama_llm_generate,gemma3:4b,raciocinio_logico_curto,"Se todo benchmark reproduzivel precisa de ambiente descrito e este benchmark descreve o ambiente, o que isso sugere sobre a reproducibilidade? Responda em duas frases.",2,ok,13.0748,13074.7514,11043.9086,1395.2442,3070.701,6571.187,45,62,9.4351,332,,46.97,79.6,525.64,525.64,21229.26,21262.17,24.58,99.0,191.0,191.0,66.0,67.0,12.01,15.59,GPU ou misto
2026-06-16T16:15:12,ollama_llm_generate,gemma3:4b,raciocinio_logico_curto,"Se todo benchmark reproduzivel precisa de ambiente descrito e este benchmark descreve o ambiente, o que isso sugere sobre a reproducibilidade? Responda em duas frases.",3,ok,13.8371,13837.0668,11759.6862,1498.6851,3110.331,7139.652,45,62,8.6839,332,,51.66,75.6,525.65,525.65,21311.94,21338.14,22.62,98.0,191.0,191.0,64.92,66.0,11.68,15.45,GPU ou misto
2026-06-16T16:15:54,ollama_llm_generate,gemma3:4b,hardware_ia_local,Quais fatores mais afetam a viabilidade pratica de um LLM local em um notebook com pouca VRAM?,1,ok,18.5648,18564.7711,16524.7788,1482.8636,1309.038,13691.672,34,128,9.3487,490,,65.46,96.4,525.66,525.66,21326.96,21427.37,0.18,3.0,191.0,191.0,62.65,63.0,9.94,9.99,principalmente CPU
2026-06-16T16:16:11,ollama_llm_generate,gemma3:4b,hardware_ia_local,Quais fatores mais afetam a viabilidade pratica de um LLM local em um notebook com pouca VRAM?,2,ok,16.4615,16461.5303,14427.0744,1600.5391,1389.67,11425.944,34,128,11.2026,490,,60.42,79.0,525.67,525.68,21406.24,21429.66,0.2,3.0,191.0,191.0,63.8,65.0,10.06,10.13,principalmente CPU
2026-06-16T16:16:27,ollama_llm_generate,gemma3:4b,hardware_ia_local,Quais fatores mais afetam a viabilidade pratica de um LLM local em um notebook com pouca VRAM?,3,ok,16.4287,16428.6987,14394.3751,1415.9381,1362.651,11599.934,34,128,11.0345,490,,61.96,81.4,525.68,525.69,21313.11,21431.43,0.2,3.0,191.0,191.0,64.6,65.0,10.14,10.19,principalmente CPU
2026-06-16T16:16:57,ollama_llm_generate,gemma3:4b,reescrita_objetiva,Reescreva de forma mais objetiva: rodar localmente nao garante boa experiencia para o usuario.,1,ok,15.5859,15585.8611,13546.0978,1563.7515,1303.814,10649.68,31,110,10.3289,484,,62.91,95.5,525.7,525.7,21377.23,21471.69,0.13,2.0,191.0,191.0,65.07,66.0,10.17,10.22,principalmente CPU
2026-06-16T16:17:14,ollama_llm_generate,gemma3:4b,reescrita_objetiva,Reescreva de forma mais objetiva: rodar localmente nao garante boa experiencia para o usuario.,2,ok,16.9439,16943.8876,14896.415,1492.4412,1443.474,11949.716,31,110,9.2052,484,,62.89,84.8,525.71,525.71,21413.61,21451.48,0.12,2.0,191.0,191.0,64.94,65.0,10.14,10.16,principalmente CPU
2026-06-16T16:17:34,ollama_llm_generate,gemma3:4b,reescrita_objetiva,Reescreva de forma mais objetiva: rodar localmente nao garante boa experiencia para o usuario.,3,ok,20.2056,20205.5516,18157.4545,1417.271,1276.978,15442.965,31,110,7.123,484,,69.92,94.7,525.72,525.73,21430.32,21468.75,0.11,2.0,191.0,191.0,64.06,65.0,10.06,10.12,principalmente CPU
2026-06-16T16:18:10,ollama_llm_generate,gemma3:4b,tarefa_longa_uso_real,"Imagine que um estudante quer comparar CPU, GPU CUDA e NPU em computadores pessoais para IA local. Estruture uma resposta curta com contexto, limites metodologicos e uma recomendacao pratica de como interpretar benchmarks.",1,ok,17.4807,17480.6544,15398.5042,1588.7365,3123.611,10650.757,53,128,12.0179,578,,57.08,86.8,525.74,525.74,21484.22,21509.04,18.12,98.0,191.0,191.0,64.75,65.0,11.37,15.44,principalmente CPU
2026-06-16T16:18:30,ollama_llm_generate,gemma3:4b,tarefa_longa_uso_real,"Imagine que um estudante quer comparar CPU, GPU CUDA e NPU em computadores pessoais para IA local. Estruture uma resposta curta com contexto, limites metodologicos e uma recomendacao pratica de como interpretar benchmarks.",2,ok,19.9438,19943.8124,17835.9497,1557.1232,3168.104,13097.745,53,128,9.7727,578,,58.33,86.8,525.77,525.77,21441.5,21516.98,16.06,97.0,191.0,191.0,65.67,66.0,11.33,15.56,principalmente CPU
2026-06-16T16:18:50,ollama_llm_generate,gemma3:4b,tarefa_longa_uso_real,"Imagine que um estudante quer comparar CPU, GPU CUDA e NPU em computadores pessoais para IA local. Estruture uma resposta curta com contexto, limites metodologicos e uma recomendacao pratica de como interpretar benchmarks.",3,ok,19.3024,19302.3601,17243.4214,1531.3218,3116.245,12587.226,53,128,10.169,578,,57.9,83.0,525.79,525.79,21357.64,21404.89,16.11,98.0,191.0,191.0,65.89,67.0,11.39,15.64,principalmente CPU
2026-06-16T16:20:21,ollama_llm_generate,llama3:8b,explicacao_conceitual_curta,Explique em duas frases o que e IA local.,1,ok,34.174,34173.9859,32121.7541,721.6046,169.026,31210.804,22,107,3.4283,445,,75.95,98.3,525.8,525.81,21753.73,21832.54,1.52,5.0,611.0,611.0,63.34,64.0,10.32,10.41,GPU ou misto
2026-06-16T16:20:55,ollama_llm_generate,llama3:8b,explicacao_conceitual_curta,Explique em duas frases o que e IA local.,2,ok,33.5861,33586.0723,31496.7119,781.0811,181.662,30519.253,22,107,3.506,445,,70.23,89.3,525.83,525.84,21703.97,21819.19,1.38,5.0,611.0,611.0,63.24,64.0,10.33,10.66,GPU ou misto
2026-06-16T16:21:28,ollama_llm_generate,llama3:8b,explicacao_conceitual_curta,Explique em duas frases o que e IA local.,3,ok,33.6099,33609.917,31552.5673,712.7427,232.853,30598.283,22,107,3.4969,445,,67.44,87.4,525.85,525.86,21839.84,21964.39,1.3,5.0,611.0,611.0,63.78,64.0,10.35,10.75,GPU ou misto
2026-06-16T16:22:45,ollama_llm_generate,llama3:8b,explicacao_tecnica_media,"Explique de forma objetiva como CPU, GPU e NPU podem participar da execucao local de modelos de IA e por que isso depende do runtime.",1,ok,36.7093,36709.2986,34665.405,574.9299,177.943,33891.025,44,128,3.7768,554,,61.2,77.3,525.87,525.88,21753.43,21881.65,1.29,5.0,611.0,611.0,63.03,64.0,10.35,10.77,GPU ou misto
2026-06-16T16:23:24,ollama_llm_generate,llama3:8b,explicacao_tecnica_media,"Explique de forma objetiva como CPU, GPU e NPU podem participar da execucao local de modelos de IA e por que isso depende do runtime.",2,ok,39.4144,39414.4274,37359.2722,686.3427,154.204,36499.256,44,128,3.5069,554,,66.83,83.1,504.35,525.9,21790.99,21851.63,2.18,5.0,611.0,611.0,63.79,64.0,10.39,10.49,GPU ou misto
2026-06-16T16:24:02,ollama_llm_generate,llama3:8b,explicacao_tecnica_media,"Explique de forma objetiva como CPU, GPU e NPU podem participar da execucao local de modelos de IA e por que isso depende do runtime.",3,ok,38.0891,38089.0684,36036.9034,735.8234,186.719,35104.38,44,128,3.6463,554,,64.88,93.7,478.52,478.53,21860.48,22001.08,1.22,5.0,611.0,611.0,63.72,64.0,10.39,10.77,GPU ou misto
2026-06-16T16:25:03,ollama_llm_generate,llama3:8b,resumo_texto,"Resuma em quatro frases: executar modelos localmente aumenta privacidade e controle, mas o desempenho depende do hardware, da quantizacao e do suporte de aceleracao.",1,ok,27.3985,27398.4755,25349.1147,633.5699,143.276,24550.252,54,101,4.114,397,,55.57,76.5,478.55,478.56,21643.63,21661.98,1.67,5.0,611.0,611.0,63.17,64.0,10.39,10.75,GPU ou misto
2026-06-16T16:25:30,ollama_llm_generate,llama3:8b,resumo_texto,"Resuma em quatro frases: executar modelos localmente aumenta privacidade e controle, mas o desempenho depende do hardware, da quantizacao e do suporte de aceleracao.",2,ok,27.2398,27239.7966,25196.3139,687.1385,159.057,24339.245,54,101,4.1497,397,,55.78,73.9,478.57,478.58,21656.75,21666.98,1.04,5.0,611.0,611.0,63.0,63.0,10.37,10.64,GPU ou misto
2026-06-16T16:25:57,ollama_llm_generate,llama3:8b,resumo_texto,"Resuma em quatro frases: executar modelos localmente aumenta privacidade e controle, mas o desempenho depende do hardware, da quantizacao e do suporte de aceleracao.",3,ok,27.6231,27623.1009,25543.8231,685.5061,174.346,24675.385,54,101,4.0931,397,,56.47,71.5,478.61,478.62,21654.34,21666.16,2.29,5.0,611.0,611.0,63.79,64.0,10.41,10.66,GPU ou misto
2026-06-16T16:27:13,ollama_llm_generate,llama3:8b,geracao_codigo_simples,Escreva uma funcao Python que retorne os primeiros n numeros pares.,1,ok,37.3842,37384.1589,35310.9375,698.5106,137.366,34457.426,28,128,3.7147,396,,70.22,97.0,478.63,478.64,21953.44,22257.78,2.34,5.0,611.0,611.0,64.0,64.0,10.42,10.79,GPU ou misto
2026-06-16T16:27:51,ollama_llm_generate,llama3:8b,geracao_codigo_simples,Escreva uma funcao Python que retorne os primeiros n numeros pares.,2,ok,38.4367,38436.7084,36358.0938,692.1729,149.167,35506.557,28,128,3.605,396,,72.7,91.0,478.66,478.67,21697.65,21785.69,1.45,5.0,611.0,611.0,64.0,64.0,10.4,10.53,GPU ou misto
2026-06-16T16:28:26,ollama_llm_generate,llama3:8b,geracao_codigo_simples,Escreva uma funcao Python que retorne os primeiros n numeros pares.,3,ok,35.1235,35123.4671,33028.0291,771.3877,168.647,32080.332,28,128,3.99,396,,59.49,77.1,443.44,478.68,21723.17,21768.09,1.84,5.0,611.0,611.0,64.1,65.0,10.46,10.71,GPU ou misto
2026-06-16T16:29:38,ollama_llm_generate,llama3:8b,analise_codigo,Analise este trecho: for i in range(len(xs)): total += xs[i] / len(xs). Aponte um risco e uma melhoria simples.,1,ok,33.9965,33996.455,31921.476,675.8727,192.027,31026.879,43,128,4.1255,470,,56.86,76.4,410.45,410.46,21577.17,21609.46,1.37,5.0,611.0,611.0,63.93,64.0,10.4,10.75,GPU ou misto
2026-06-16T16:30:13,ollama_llm_generate,llama3:8b,analise_codigo,Analise este trecho: for i in range(len(xs)): total += xs[i] / len(xs). Aponte um risco e uma melhoria simples.,2,ok,34.2843,34284.2771,32259.4126,576.9035,191.814,31481.698,43,128,4.0659,470,,61.71,100.0,410.48,410.48,21573.72,21639.45,2.23,5.0,611.0,611.0,64.0,64.0,10.45,10.79,GPU ou misto
2026-06-16T16:30:47,ollama_llm_generate,llama3:8b,analise_codigo,Analise este trecho: for i in range(len(xs)): total += xs[i] / len(xs). Aponte um risco e uma melhoria simples.,3,ok,34.3971,34397.0759,32338.289,634.4981,171.808,31524.162,43,128,4.0604,470,,57.63,71.1,410.7,410.91,21588.0,21685.81,1.83,5.0,611.0,611.0,64.0,64.0,10.45,10.82,GPU ou misto
2026-06-16T16:31:37,ollama_llm_generate,llama3:8b,raciocinio_logico_curto,"Se todo benchmark reproduzivel precisa de ambiente descrito e este benchmark descreve o ambiente, o que isso sugere sobre a reproducibilidade? Responda em duas frases.",1,ok,23.1192,23119.1842,21071.3719,637.4818,140.119,20268.861,49,84,4.1443,387,,54.97,71.4,410.94,410.94,21599.95,21609.05,1.9,5.0,611.0,611.0,64.33,65.0,10.45,10.83,GPU ou misto
2026-06-16T16:31:59,ollama_llm_generate,llama3:8b,raciocinio_logico_curto,"Se todo benchmark reproduzivel precisa de ambiente descrito e este benchmark descreve o ambiente, o que isso sugere sobre a reproducibilidade? Responda em duas frases.",2,ok,22.6871,22687.1296,20625.9671,656.633,162.066,19789.757,49,84,4.2446,387,,53.92,82.2,410.95,410.95,21607.14,21629.01,1.55,5.0,611.0,611.0,64.05,65.0,10.42,10.78,GPU ou misto
2026-06-16T16:32:22,ollama_llm_generate,llama3:8b,raciocinio_logico_curto,"Se todo benchmark reproduzivel precisa de ambiente descrito e este benchmark descreve o ambiente, o que isso sugere sobre a reproducibilidade? Responda em duas frases.",3,ok,22.8737,22873.652,20808.3784,660.6004,207.28,19929.781,49,84,4.2148,387,,54.82,70.1,410.96,410.97,21627.51,21634.04,1.05,5.0,611.0,611.0,64.05,65.0,10.41,10.79,GPU ou misto
2026-06-16T16:33:34,ollama_llm_generate,llama3:8b,hardware_ia_local,Quais fatores mais afetam a viabilidade pratica de um LLM local em um notebook com pouca VRAM?,1,ok,34.4699,34469.8652,32419.8471,614.7475,138.032,31644.287,38,128,4.045,492,,59.23,74.6,371.6,410.99,21629.49,21643.64,2.0,5.0,611.0,611.0,64.4,65.0,10.46,10.72,GPU ou misto
2026-06-16T16:34:08,ollama_llm_generate,llama3:8b,hardware_ia_local,Quais fatores mais afetam a viabilidade pratica de um LLM local em um notebook com pouca VRAM?,2,ok,34.2772,34277.2075,32200.8102,584.3529,169.335,31438.246,38,128,4.0715,492,,58.4,75.1,351.93,351.94,21629.61,21651.38,1.93,5.0,611.0,611.0,64.07,65.0,10.44,10.71,GPU ou misto
2026-06-16T16:34:43,ollama_llm_generate,llama3:8b,hardware_ia_local,Quais fatores mais afetam a viabilidade pratica de um LLM local em um notebook com pouca VRAM?,3,ok,34.6948,34694.7939,32656.0451,579.2787,150.316,31917.364,38,128,4.0104,492,,62.4,100.0,351.97,351.98,21642.67,21653.32,1.67,5.0,611.0,611.0,64.0,64.0,10.44,10.77,GPU ou misto
2026-06-16T16:35:30,ollama_llm_generate,llama3:8b,reescrita_objetiva,Reescreva de forma mais objetiva: rodar localmente nao garante boa experiencia para o usuario.,1,ok,21.2643,21264.3461,19213.8092,649.1481,196.748,18351.434,33,75,4.0869,472,,55.64,72.7,352.0,352.0,21677.17,21688.45,1.47,5.0,611.0,611.0,64.16,65.0,10.43,10.69,GPU ou misto
2026-06-16T16:35:52,ollama_llm_generate,llama3:8b,reescrita_objetiva,Reescreva de forma mais objetiva: rodar localmente nao garante boa experiencia para o usuario.,2,ok,21.5313,21531.347,19485.4993,626.7531,170.698,18677.889,33,75,4.0154,472,,60.27,76.2,352.02,352.02,21844.76,22141.54,2.47,5.0,611.0,611.0,64.16,65.0,10.43,10.72,GPU ou misto
2026-06-16T16:36:14,ollama_llm_generate,llama3:8b,reescrita_objetiva,Reescreva de forma mais objetiva: rodar localmente nao garante boa experiencia para o usuario.,3,ok,22.2553,22255.348,20203.3458,651.1182,176.376,19360.213,33,75,3.8739,472,,63.73,81.0,352.03,352.04,22028.25,22248.92,1.84,5.0,611.0,611.0,64.05,65.0,10.44,10.73,GPU ou misto
2026-06-16T16:37:32,ollama_llm_generate,llama3:8b,tarefa_longa_uso_real,"Imagine que um estudante quer comparar CPU, GPU CUDA e NPU em computadores pessoais para IA local. Estruture uma resposta curta com contexto, limites metodologicos e uma recomendacao pratica de como interpretar benchmarks.",1,ok,35.6219,35621.9368,33572.9335,679.7888,162.237,32710.783,60,128,3.9131,619,,59.78,99.7,352.05,352.06,21813.86,21920.5,3.17,5.0,611.0,611.0,64.23,65.0,10.5,10.79,GPU ou misto
2026-06-16T16:38:25,ollama_llm_generate,llama3:8b,tarefa_longa_uso_real,"Imagine que um estudante quer comparar CPU, GPU CUDA e NPU em computadores pessoais para IA local. Estruture uma resposta curta com contexto, limites metodologicos e uma recomendacao pratica de como interpretar benchmarks.",2,ok,52.78,52779.9792,50702.701,861.8247,152.628,49655.256,60,128,2.5778,619,,82.85,100.0,352.08,352.09,22232.18,22723.44,1.1,5.0,611.0,611.0,64.03,65.0,10.32,10.47,GPU ou misto
2026-06-16T16:39:08,ollama_llm_generate,llama3:8b,tarefa_longa_uso_real,"Imagine que um estudante quer comparar CPU, GPU CUDA e NPU em computadores pessoais para IA local. Estruture uma resposta curta com contexto, limites metodologicos e uma recomendacao pratica de como interpretar benchmarks.",3,ok,43.0149,43014.8762,40962.1515,1176.4245,220.282,39545.416,60,128,3.2368,619,,79.36,92.6,352.12,352.14,22440.24,23161.77,1.21,5.0,611.0,611.0,63.94,64.0,10.36,10.45,GPU ou misto
2026-06-16T16:41:26,ollama_llm_generate,qwen3.5:latest,explicacao_conceitual_curta,Explique em duas frases o que e IA local.,1,ok,30.8772,30877.2288,28806.6352,918.0119,453.742,27365.946,21,128,4.6773,0,,61.86,86.3,352.16,352.16,24003.71,24152.8,0.68,1.0,189.0,189.0,66.89,68.0,10.34,10.41,principalmente CPU
2026-06-16T16:42:05,ollama_llm_generate,qwen3.5:latest,explicacao_conceitual_curta,Explique em duas frases o que e IA local.,2,ok,39.1396,39139.6345,37093.3693,1096.9956,496.195,35489.502,21,128,3.6067,0,,64.7,82.4,352.19,352.2,24126.36,24439.51,0.47,1.0,189.0,189.0,65.5,66.0,10.21,10.28,principalmente CPU
2026-06-16T16:42:47,ollama_llm_generate,qwen3.5:latest,explicacao_conceitual_curta,Explique em duas frases o que e IA local.,3,ok,42.5253,42525.3426,40443.8614,1080.2649,487.679,38866.062,21,128,3.2934,0,,65.08,89.4,352.23,352.23,23976.2,24182.14,0.34,1.0,189.0,189.0,64.34,65.0,10.11,10.16,principalmente CPU
2026-06-16T16:44:16,ollama_llm_generate,qwen3.5:latest,explicacao_tecnica_media,"Explique de forma objetiva como CPU, GPU e NPU podem participar da execucao local de modelos de IA e por que isso depende do runtime.",1,ok,40.1611,40161.06,38063.3299,885.2154,435.844,36689.017,40,128,3.4888,0,,61.92,82.5,328.77,328.77,23939.83,24061.89,0.44,1.0,199.0,199.0,64.0,64.0,10.09,10.12,principalmente CPU
2026-06-16T16:44:58,ollama_llm_generate,qwen3.5:latest,explicacao_tecnica_media,"Explique de forma objetiva como CPU, GPU e NPU podem participar da execucao local de modelos de IA e por que isso depende do runtime.",2,ok,41.5789,41578.8625,39513.084,890.4497,422.899,38187.77,40,128,3.3519,0,,68.4,90.4,328.81,328.82,23986.53,24127.61,0.47,2.0,199.0,199.0,64.0,64.0,10.08,10.11,principalmente CPU
2026-06-16T16:45:38,ollama_llm_generate,qwen3.5:latest,explicacao_tecnica_media,"Explique de forma objetiva como CPU, GPU e NPU podem participar da execucao local de modelos de IA e por que isso depende do runtime.",3,ok,40.6618,40661.7566,38600.6007,947.4625,509.359,37132.281,40,128,3.4471,0,,69.17,89.6,328.86,328.87,24275.68,24564.7,0.4,1.0,199.0,199.0,64.0,64.0,10.07,10.1,principalmente CPU
2026-06-16T16:47:01,ollama_llm_generate,qwen3.5:latest,resumo_texto,"Resuma em quatro frases: executar modelos localmente aumenta privacidade e controle, mas o desempenho depende do hardware, da quantizacao e do suporte de aceleracao.",1,ok,38.1484,38148.3708,36067.2501,989.8995,435.776,34591.149,43,128,3.7004,0,,60.76,91.6,328.91,328.91,24021.63,24083.44,0.61,2.0,199.0,199.0,64.0,64.0,10.06,10.09,principalmente CPU
2026-06-16T16:47:39,ollama_llm_generate,qwen3.5:latest,resumo_texto,"Resuma em quatro frases: executar modelos localmente aumenta privacidade e controle, mas o desempenho depende do hardware, da quantizacao e do suporte de aceleracao.",2,ok,38.249,38249.0181,36202.0524,1013.9584,444.617,34732.112,43,128,3.6854,0,,61.52,76.4,328.94,328.95,24015.33,24046.74,0.71,2.0,199.0,199.0,63.97,64.0,10.03,10.09,principalmente CPU
2026-06-16T16:48:17,ollama_llm_generate,qwen3.5:latest,resumo_texto,"Resuma em quatro frases: executar modelos localmente aumenta privacidade e controle, mas o desempenho depende do hardware, da quantizacao e do suporte de aceleracao.",3,ok,38.1712,38171.186,36100.1569,919.6472,427.767,34740.956,43,128,3.6844,0,,61.32,87.9,327.17,329.0,24000.67,24036.54,0.59,1.0,199.0,199.0,63.91,64.0,10.04,10.09,principalmente CPU
2026-06-16T16:49:38,ollama_llm_generate,qwen3.5:latest,geracao_codigo_simples,Escreva uma funcao Python que retorne os primeiros n numeros pares.,1,ok,38.7258,38725.8405,36660.9279,996.9567,463.628,35108.433,26,128,3.6458,0,,63.07,88.9,268.0,268.01,24033.9,24133.53,0.62,1.0,199.0,199.0,64.74,65.0,10.09,10.11,principalmente CPU
2026-06-16T16:50:16,ollama_llm_generate,qwen3.5:latest,geracao_codigo_simples,Escreva uma funcao Python que retorne os primeiros n numeros pares.,2,ok,38.8064,38806.4265,36753.2881,1096.9107,483.875,35163.712,26,128,3.6401,0,,64.96,90.5,268.03,268.05,24046.03,24149.01,0.59,1.0,199.0,199.0,64.29,65.0,10.09,10.12,principalmente CPU
2026-06-16T16:50:56,ollama_llm_generate,qwen3.5:latest,geracao_codigo_simples,Escreva uma funcao Python que retorne os primeiros n numeros pares.,3,ok,39.8868,39886.8136,37849.0106,970.4749,445.8,36423.277,26,128,3.5142,0,,68.19,89.2,268.07,268.07,24281.01,24658.04,0.49,1.0,199.0,199.0,64.89,65.0,10.11,10.15,principalmente CPU
2026-06-16T16:52:19,ollama_llm_generate,qwen3.5:latest,analise_codigo,Analise este trecho: for i in range(len(xs)): total += xs[i] / len(xs). Aponte um risco e uma melhoria simples.,1,ok,38.3923,38392.3241,36335.7321,952.2949,415.469,34918.907,40,128,3.6656,0,,61.99,93.3,268.12,268.13,24145.2,24184.8,0.56,1.0,199.0,199.0,63.97,64.0,10.03,10.06,principalmente CPU
2026-06-16T16:52:58,ollama_llm_generate,qwen3.5:latest,analise_codigo,Analise este trecho: for i in range(len(xs)): total += xs[i] / len(xs). Aponte um risco e uma melhoria simples.,2,ok,38.7262,38726.2453,36687.1937,990.2585,464.364,35222.154,40,128,3.6341,0,,62.29,89.4,268.16,268.16,24151.82,24200.82,0.65,1.0,199.0,199.0,64.09,65.0,10.08,10.11,principalmente CPU
2026-06-16T16:53:37,ollama_llm_generate,qwen3.5:latest,analise_codigo,Analise este trecho: for i in range(len(xs)): total += xs[i] / len(xs). Aponte um risco e uma melhoria simples.,3,ok,38.9926,38992.6365,36915.8715,969.2129,446.158,35490.418,40,128,3.6066,0,,65.27,92.6,258.36,268.18,24138.41,24166.52,0.56,1.0,199.0,199.0,64.68,65.0,10.1,10.12,principalmente CPU
2026-06-16T16:54:59,ollama_llm_generate,qwen3.5:latest,raciocinio_logico_curto,"Se todo benchmark reproduzivel precisa de ambiente descrito e este benchmark descreve o ambiente, o que isso sugere sobre a reproducibilidade? Responda em duas frases.",1,ok,38.6085,38608.5328,36568.3412,1011.9357,424.681,35073.884,47,128,3.6494,0,,62.27,93.9,245.96,245.98,24182.75,24241.98,0.56,1.0,199.0,199.0,64.0,64.0,10.05,10.08,principalmente CPU
2026-06-16T16:55:38,ollama_llm_generate,qwen3.5:latest,raciocinio_logico_curto,"Se todo benchmark reproduzivel precisa de ambiente descrito e este benchmark descreve o ambiente, o que isso sugere sobre a reproducibilidade? Responda em duas frases.",2,ok,38.3676,38367.631,36300.4036,963.2173,460.412,34867.222,47,128,3.6711,0,,61.78,82.4,246.01,246.02,24192.73,24218.39,0.56,1.0,199.0,199.0,64.47,65.0,10.09,10.12,principalmente CPU
2026-06-16T16:56:21,ollama_llm_generate,qwen3.5:latest,raciocinio_logico_curto,"Se todo benchmark reproduzivel precisa de ambiente descrito e este benchmark descreve o ambiente, o que isso sugere sobre a reproducibilidade? Responda em duas frases.",3,ok,43.0657,43065.6701,41019.1981,967.1907,470.108,39570.989,47,128,3.2347,0,,68.46,99.0,246.04,246.04,24288.09,24547.43,0.22,1.0,199.0,199.0,64.86,65.0,10.12,10.15,principalmente CPU
2026-06-16T16:57:50,ollama_llm_generate,qwen3.5:latest,hardware_ia_local,Quais fatores mais afetam a viabilidade pratica de um LLM local em um notebook com pouca VRAM?,1,ok,43.8969,43896.9012,41839.3925,1181.28,451.744,40144.317,34,128,3.1885,0,,72.54,86.3,246.07,246.08,24404.35,24606.27,0.42,1.0,199.0,199.0,64.0,64.0,10.05,10.07,principalmente CPU
2026-06-16T16:58:33,ollama_llm_generate,qwen3.5:latest,hardware_ia_local,Quais fatores mais afetam a viabilidade pratica de um LLM local em um notebook com pouca VRAM?,2,ok,42.5502,42550.1704,40514.0282,1067.6572,597.609,38839.505,34,128,3.2956,0,,68.52,83.8,246.12,246.12,24661.05,24746.26,0.42,1.0,199.0,199.0,63.97,64.0,10.04,10.06,principalmente CPU
2026-06-16T16:59:13,ollama_llm_generate,qwen3.5:latest,hardware_ia_local,Quais fatores mais afetam a viabilidade pratica de um LLM local em um notebook com pouca VRAM?,3,ok,40.0772,40077.2388,38017.7606,978.7302,444.565,36585.198,34,128,3.4987,0,,64.89,88.6,246.15,246.17,24574.06,24702.65,0.57,2.0,199.0,199.0,63.91,64.0,10.05,10.08,principalmente CPU
2026-06-16T17:00:35,ollama_llm_generate,qwen3.5:latest,reescrita_objetiva,Reescreva de forma mais objetiva: rodar localmente nao garante boa experiencia para o usuario.,1,ok,39.2651,39265.1388,37211.4445,1005.0799,463.556,35652.882,31,128,3.5902,0,,62.48,83.0,246.19,246.2,24650.28,25169.59,0.68,1.0,199.0,199.0,64.0,64.0,10.06,10.09,principalmente CPU
2026-06-16T17:01:14,ollama_llm_generate,qwen3.5:latest,reescrita_objetiva,Reescreva de forma mais objetiva: rodar localmente nao garante boa experiencia para o usuario.,2,ok,39.6142,39614.2329,37554.2391,1036.5576,476.495,36032.697,31,128,3.5523,0,,60.74,80.3,246.31,246.32,24580.82,24625.37,0.5,1.0,199.0,199.0,63.94,64.0,10.03,10.06,principalmente CPU
2026-06-16T17:01:52,ollama_llm_generate,qwen3.5:latest,reescrita_objetiva,Reescreva de forma mais objetiva: rodar localmente nao garante boa experiencia para o usuario.,3,ok,38.079,38078.9771,36016.8469,902.5348,446.144,34653.137,31,128,3.6937,0,,59.41,77.3,246.34,246.35,24460.63,24493.9,0.58,2.0,199.0,199.0,63.97,64.0,10.04,10.09,principalmente CPU
2026-06-16T17:03:09,ollama_llm_generate,qwen3.5:latest,tarefa_longa_uso_real,"Imagine que um estudante quer comparar CPU, GPU CUDA e NPU em computadores pessoais para IA local. Estruture uma resposta curta com contexto, limites metodologicos e uma recomendacao pratica de como interpretar benchmarks.",1,ok,33.4749,33474.918,31431.4006,981.2232,401.059,29988.975,52,128,4.2682,0,,55.99,73.2,246.38,246.39,24546.93,24573.99,0.6,1.0,199.0,199.0,63.47,64.0,10.02,10.09,principalmente CPU
2026-06-16T17:03:35,ollama_llm_generate,qwen3.5:latest,tarefa_longa_uso_real,"Imagine que um estudante quer comparar CPU, GPU CUDA e NPU em computadores pessoais para IA local. Estruture uma resposta curta com contexto, limites metodologicos e uma recomendacao pratica de como interpretar benchmarks.",2,ok,26.2447,26244.6724,24160.6987,948.857,418.597,22777.183,52,128,5.6197,0,,56.29,71.3,233.11,246.4,24490.76,24573.55,0.92,1.0,199.0,199.0,64.88,66.0,10.13,10.2,principalmente CPU
2026-06-16T17:04:04,ollama_llm_generate,qwen3.5:latest,tarefa_longa_uso_real,"Imagine que um estudante quer comparar CPU, GPU CUDA e NPU em computadores pessoais para IA local. Estruture uma resposta curta com contexto, limites metodologicos e uma recomendacao pratica de como interpretar benchmarks.",3,ok,28.3902,28390.1999,26340.2776,944.7541,448.724,24939.901,52,128,5.1323,0,,53.87,72.7,219.85,219.86,24435.63,24493.78,0.88,1.0,199.0,199.0,65.65,66.0,10.19,10.22,principalmente CPU
2026-06-16T17:05:30,ollama_llm_generate,qwen2.5-coder:14b,explicacao_conceitual_curta,Explique em duas frases o que e IA local.,1,ok,27.1274,27127.4039,25075.0326,626.325,262.0,24169.137,41,87,3.5996,379,,56.19,74.9,219.89,219.89,26141.94,26193.24,0.0,0.0,207.0,207.0,66.0,66.0,10.26,10.31,principalmente CPU
2026-06-16T17:06:01,ollama_llm_generate,qwen2.5-coder:14b,explicacao_conceitual_curta,Explique em duas frases o que e IA local.,2,ok,31.0275,31027.4921,28974.6197,518.516,305.659,28126.118,41,87,3.0932,379,,57.03,78.0,219.91,219.91,26151.61,26182.33,0.0,0.0,207.0,207.0,65.39,66.0,10.18,10.25,principalmente CPU
2026-06-16T17:06:30,ollama_llm_generate,qwen2.5-coder:14b,explicacao_conceitual_curta,Explique em duas frases o que e IA local.,3,ok,29.53,29530.0486,27485.0647,589.3939,300.661,26584.525,41,87,3.2726,379,,55.25,71.3,219.94,219.95,26169.57,26180.08,0.0,0.0,207.0,207.0,64.22,65.0,10.08,10.14,principalmente CPU
2026-06-16T17:08:02,ollama_llm_generate,qwen2.5-coder:14b,explicacao_tecnica_media,"Explique de forma objetiva como CPU, GPU e NPU podem participar da execucao local de modelos de IA e por que isso depende do runtime.",1,ok,45.5333,45533.3353,43473.8489,454.3061,252.053,42736.752,63,128,2.9951,516,,57.83,71.3,219.99,220.01,26190.53,26216.31,0.0,0.0,207.0,207.0,65.22,66.0,10.18,10.32,principalmente CPU
2026-06-16T17:08:43,ollama_llm_generate,qwen2.5-coder:14b,explicacao_tecnica_media,"Explique de forma objetiva como CPU, GPU e NPU podem participar da execucao local de modelos de IA e por que isso depende do runtime.",2,ok,41.1067,41106.7325,39044.4128,509.287,263.193,38240.419,63,128,3.3472,516,,61.71,92.0,219.14,220.05,26315.22,26473.48,0.0,0.0,207.0,207.0,64.83,66.0,10.13,10.2,principalmente CPU
2026-06-16T17:09:28,ollama_llm_generate,qwen2.5-coder:14b,explicacao_tecnica_media,"Explique de forma objetiva como CPU, GPU e NPU podem participar da execucao local de modelos de IA e por que isso depende do runtime.",3,ok,44.3311,44331.1118,42259.5978,593.3615,253.513,41400.975,63,128,3.0917,516,,62.4,82.8,218.16,218.17,26355.82,26447.06,0.0,0.0,207.0,207.0,65.56,66.0,10.19,10.26,principalmente CPU
2026-06-16T17:11:10,ollama_llm_generate,qwen2.5-coder:14b,resumo_texto,"Resuma em quatro frases: executar modelos localmente aumenta privacidade e controle, mas o desempenho depende do hardware, da quantizacao e do suporte de aceleracao.",1,ok,38.0305,38030.4675,35998.7863,490.9619,326.528,35156.884,73,128,3.6408,536,,58.51,69.2,218.21,218.21,26239.23,26275.03,0.0,0.0,207.0,207.0,64.37,65.0,10.09,10.19,principalmente CPU
2026-06-16T17:11:54,ollama_llm_generate,qwen2.5-coder:14b,resumo_texto,"Resuma em quatro frases: executar modelos localmente aumenta privacidade e controle, mas o desempenho depende do hardware, da quantizacao e do suporte de aceleracao.",2,ok,43.5773,43577.3344,41540.0769,577.7234,323.159,40610.148,73,128,3.1519,536,,57.89,70.3,218.33,218.39,26289.49,26314.72,0.0,0.0,207.0,207.0,65.18,66.0,10.18,10.24,principalmente CPU
2026-06-16T17:12:40,ollama_llm_generate,qwen2.5-coder:14b,resumo_texto,"Resuma em quatro frases: executar modelos localmente aumenta privacidade e controle, mas o desempenho depende do hardware, da quantizacao e do suporte de aceleracao.",3,ok,46.6763,46676.3021,44627.3536,574.4223,241.457,43800.333,73,128,2.9224,536,,58.78,74.5,218.39,218.39,26292.84,26321.59,0.0,0.0,207.0,207.0,64.0,65.0,10.05,10.13,principalmente CPU
2026-06-16T17:14:07,ollama_llm_generate,qwen2.5-coder:14b,geracao_codigo_simples,Escreva uma funcao Python que retorne os primeiros n numeros pares.,1,ok,45.0335,45033.4977,42976.412,499.7012,289.71,42160.952,47,128,3.036,491,,59.35,74.8,214.91,218.43,26185.41,26307.95,0.0,0.0,207.0,207.0,65.25,66.0,10.18,10.27,principalmente CPU
2026-06-16T17:14:46,ollama_llm_generate,qwen2.5-coder:14b,geracao_codigo_simples,Escreva uma funcao Python que retorne os primeiros n numeros pares.,2,ok,39.2663,39266.2518,37219.8059,548.8808,245.094,36416.079,47,128,3.5149,491,,57.19,82.2,214.65,214.66,26191.99,26300.29,0.0,0.0,207.0,207.0,64.56,65.0,10.13,10.22,principalmente CPU
2026-06-16T17:15:27,ollama_llm_generate,qwen2.5-coder:14b,geracao_codigo_simples,Escreva uma funcao Python que retorne os primeiros n numeros pares.,3,ok,40.8624,40862.3563,38791.612,537.8586,288.761,37955.722,47,128,3.3724,491,,62.42,78.5,214.69,214.71,26449.42,26877.14,0.0,0.0,207.0,207.0,65.59,66.0,10.23,10.27,principalmente CPU
2026-06-16T17:17:00,ollama_llm_generate,qwen2.5-coder:14b,analise_codigo,Analise este trecho: for i in range(len(xs)): total += xs[i] / len(xs). Aponte um risco e uma melhoria simples.,1,ok,37.8712,37871.1935,35821.0084,463.7552,223.99,35100.389,62,128,3.6467,458,,55.52,68.7,214.74,214.75,26256.82,26293.51,0.0,0.0,207.0,207.0,64.82,65.0,10.18,10.24,principalmente CPU
2026-06-16T17:17:38,ollama_llm_generate,qwen2.5-coder:14b,analise_codigo,Analise este trecho: for i in range(len(xs)): total += xs[i] / len(xs). Aponte um risco e uma melhoria simples.,2,ok,38.6464,38646.3585,36566.0508,630.2607,297.406,35610.126,62,128,3.5945,458,,57.34,69.8,219.08,219.49,26284.75,26298.94,0.0,0.0,207.0,207.0,65.8,66.0,10.23,10.28,principalmente CPU
2026-06-16T17:18:20,ollama_llm_generate,qwen2.5-coder:14b,analise_codigo,Analise este trecho: for i in range(len(xs)): total += xs[i] / len(xs). Aponte um risco e uma melhoria simples.,3,ok,41.6313,41631.3354,39594.273,574.8206,282.458,38724.807,62,128,3.3054,458,,60.19,85.4,219.52,219.54,26438.28,26576.47,0.0,0.0,207.0,207.0,65.3,66.0,10.16,10.22,principalmente CPU
2026-06-16T17:19:25,ollama_llm_generate,qwen2.5-coder:14b,raciocinio_logico_curto,"Se todo benchmark reproduzivel precisa de ambiente descrito e este benchmark descreve o ambiente, o que isso sugere sobre a reproducibilidade? Responda em duas frases.",1,ok,30.6194,30619.3901,28562.3487,526.7929,231.054,27778.972,68,74,2.6639,291,,58.18,72.6,211.39,211.4,26313.51,26328.64,0.0,0.0,207.0,207.0,65.15,66.0,10.14,10.23,principalmente CPU
2026-06-16T17:19:57,ollama_llm_generate,qwen2.5-coder:14b,raciocinio_logico_curto,"Se todo benchmark reproduzivel precisa de ambiente descrito e este benchmark descreve o ambiente, o que isso sugere sobre a reproducibilidade? Responda em duas frases.",2,ok,31.4769,31476.8607,29408.0886,458.6747,246.613,28677.81,68,74,2.5804,291,,60.66,90.9,211.45,211.46,26334.93,26358.84,0.0,0.0,207.0,207.0,63.61,64.0,9.99,10.05,principalmente CPU
2026-06-16T17:20:20,ollama_llm_generate,qwen2.5-coder:14b,raciocinio_logico_curto,"Se todo benchmark reproduzivel precisa de ambiente descrito e este benchmark descreve o ambiente, o que isso sugere sobre a reproducibilidade? Responda em duas frases.",3,ok,22.9499,22949.8721,20913.8907,555.8822,263.827,20081.341,68,74,3.685,291,,55.09,76.0,211.48,211.48,26291.78,26352.93,0.0,0.0,207.0,207.0,64.43,65.0,10.05,10.12,principalmente CPU
2026-06-16T17:21:58,ollama_llm_generate,qwen2.5-coder:14b,hardware_ia_local,Quais fatores mais afetam a viabilidade pratica de um LLM local em um notebook com pouca VRAM?,1,ok,47.1146,47114.5717,45070.4804,608.5974,301.306,44123.334,57,128,2.901,473,,66.66,96.8,211.5,211.52,26688.83,27042.48,0.0,0.0,207.0,207.0,64.37,65.0,10.06,10.13,principalmente CPU
2026-06-16T17:22:39,ollama_llm_generate,qwen2.5-coder:14b,hardware_ia_local,Quais fatores mais afetam a viabilidade pratica de um LLM local em um notebook com pouca VRAM?,2,ok,40.6734,40673.3926,38629.6993,682.23,257.314,37578.601,57,128,3.4062,473,,68.32,100.0,211.55,211.55,26758.72,26820.86,0.0,0.0,207.0,207.0,65.51,66.0,10.21,10.27,principalmente CPU
2026-06-16T17:23:27,ollama_llm_generate,qwen2.5-coder:14b,hardware_ia_local,Quais fatores mais afetam a viabilidade pratica de um LLM local em um notebook com pouca VRAM?,3,ok,48.5523,48552.2764,46484.0622,632.2007,249.051,45590.763,57,128,2.8076,473,,67.2,81.4,211.58,211.6,26703.59,26946.22,0.0,0.0,207.0,207.0,64.93,66.0,10.14,10.24,principalmente CPU
2026-06-16T17:23:46,ollama_llm_generate,qwen2.5-coder:14b,reescrita_objetiva,Reescreva de forma mais objetiva: rodar localmente nao garante boa experiencia para o usuario.,1,ok,7.0554,7055.3777,4996.7936,503.8366,292.774,4189.028,52,19,4.5357,92,,39.83,65.0,211.57,211.57,26559.07,26685.22,0.0,0.0,207.0,207.0,64.86,65.0,10.11,10.13,principalmente CPU
2026-06-16T17:23:53,ollama_llm_generate,qwen2.5-coder:14b,reescrita_objetiva,Reescreva de forma mais objetiva: rodar localmente nao garante boa experiencia para o usuario.,2,ok,7.1919,7191.934,5132.7765,546.014,295.911,4280.322,52,19,4.4389,92,,36.59,62.1,211.6,211.6,26528.17,26550.06,0.0,0.0,207.0,207.0,65.0,65.0,10.14,10.16,principalmente CPU
2026-06-16T17:24:01,ollama_llm_generate,qwen2.5-coder:14b,reescrita_objetiva,Reescreva de forma mais objetiva: rodar localmente nao garante boa experiencia para o usuario.,3,ok,7.1095,7109.5011,5023.6748,489.6212,282.161,4242.275,52,19,4.4787,92,,36.64,63.2,211.61,211.61,26567.53,26581.33,0.0,0.0,207.0,207.0,65.0,65.0,10.16,10.2,principalmente CPU
2026-06-16T17:25:37,ollama_llm_generate,qwen2.5-coder:14b,tarefa_longa_uso_real,"Imagine que um estudante quer comparar CPU, GPU CUDA e NPU em computadores pessoais para IA local. Estruture uma resposta curta com contexto, limites metodologicos e uma recomendacao pratica de como interpretar benchmarks.",1,ok,44.1359,44135.8687,42098.7732,467.8835,274.573,41326.568,79,128,3.0973,528,,64.08,88.5,211.63,211.65,26754.77,27178.54,0.0,0.0,207.0,207.0,64.49,65.0,10.08,10.14,principalmente CPU
2026-06-16T17:26:17,ollama_llm_generate,qwen2.5-coder:14b,tarefa_longa_uso_real,"Imagine que um estudante quer comparar CPU, GPU CUDA e NPU em computadores pessoais para IA local. Estruture uma resposta curta com contexto, limites metodologicos e uma recomendacao pratica de como interpretar benchmarks.",2,ok,40.6676,40667.608,38617.2865,573.9848,236.4,37780.675,79,128,3.388,528,,63.2,98.2,211.71,211.72,26683.43,26868.43,0.0,0.0,207.0,207.0,65.73,66.0,10.18,10.22,principalmente CPU
2026-06-16T17:27:09,ollama_llm_generate,qwen2.5-coder:14b,tarefa_longa_uso_real,"Imagine que um estudante quer comparar CPU, GPU CUDA e NPU em computadores pessoais para IA local. Estruture uma resposta curta com contexto, limites metodologicos e uma recomendacao pratica de como interpretar benchmarks.",3,ok,51.6028,51602.818,49565.1297,588.0345,245.977,48718.77,79,128,2.6273,528,,68.32,97.1,211.75,211.76,26717.25,26813.33,0.0,0.0,207.0,207.0,64.84,66.0,10.12,10.2,principalmente CPU
